{
	"id": "c3837a0d-e654-4c9d-b03a-d9ab9a650b47",
	"name": "My_trello_environment",
	"values": [
		{
			"key": "my_key",
			"value": "56b4ea1efef05b7269a55d2878c17bec",
			"type": "secret",
			"enabled": true
		},
		{
			"key": "my_token",
			"value": "ATTA118715fa71ffc6aa138c329822fd907f9271827213fcae121d4e8852019698e01DE38713",
			"type": "secret",
			"enabled": true
		},
		{
			"key": "base_URL",
			"value": "https://api.trello.com",
			"type": "default",
			"enabled": true
		}
	],
	"_postman_variable_scope": "environment",
	"_postman_exported_at": "2023-08-09T17:45:07.995Z",
	"_postman_exported_using": "Postman/10.16.5"
}